Billing Account #,Account Status,Upgraded Account Created Date,Upgraded Account Cancelled Date,Total Charges
AX#10042,paying,2019-03-20,, $332.80 
AX#10114,paying,2019-01-17,, $451.13 
AX#10259,paying,2018-09-28,," $1,886.80 "
AX#10695,paying,2018-12-21,, $797.87 
AX#10855,paying,2019-04-01,, $189.00 
AX#11171,paying,2019-03-21,, $240.67 
AX#11176,paying,2018-12-11,, $561.20 
AX#11275,paying,2019-03-22,, $111.00 
AX#11279,paying,2019-01-07,, $784.40 
AX#11324,paying,2019-04-22,, $7.60 
AX#11434,paying,2018-09-03,," $2,022.40 "
AX#11534,paying,2019-01-15,, $264.37 
AX#11814,paying,2019-02-19,, $408.00 
AX#11895,paying,2019-03-09,, $336.67 
AX#11948,paying,2018-12-21,, $819.20 
AX#11967,paying,2019-04-13,, $86.00 
AX#12066,paying,2019-02-25,, $115.73 
AX#12095,paying,2019-03-12,, $393.23 
AX#12437,paying,2019-02-25,, $345.13 
AX#12453,paying,2018-10-28,, $564.20 
AX#12519,paying,2018-07-17,," $2,327.50 "
AX#12587,paying,2019-03-09,, $338.33 
AX#12689,paying,2019-01-09,, $733.93 
AX#12785,paying,2019-01-04,, $539.60 
AX#12955,paying,2018-12-07,, $799.93 
AX#12986,cancelled,2019-04-21,, $33.83 
AX#13033,paying,2018-11-26,," $1,377.00 "
AX#13119,paying,2019-02-26,, $504.27 
AX#13363,paying,2019-03-26,, $280.50 
AX#13439,paying,2019-04-07,, $80.50 
AX#13495,paying,2019-02-22,, $292.50 
AX#13626,paying,2019-04-16,, $84.80 
AX#13658,paying,2018-11-11,, $750.40 
AX#13658,paying,2019-02-21,, $242.00 
AX#13691,paying,2018-03-25,, $625.10 
AX#13953,paying,2019-01-18,, $560.00 
AX#13965,paying,2019-03-23,, $236.40 
AX#13976,paying,2018-12-01,," $1,164.27 "
AX#13983,paying,2018-10-22,," $1,666.93 "
AX#14045,cancelled,2019-01-19,2019-03-17, $229.90 
AX#14149,paying,2019-04-04,, $36.80 
AX#14255,paying,2018-12-27,, $170.80 
AX#14288,paying,2019-01-11,, $363.80 
AX#14296,paying,2018-04-09,," $3,404.80 "
AX#14455,paying,2019-04-06,, $185.53 
AX#14488,paying,2018-04-09,, $486.40 
AX#14562,cancelled,2018-09-05,2018-11-05, $372.10 
AX#14616,cancelled,2018-03-16,2018-05-22, $294.80 
AX#14709,paying,2018-03-02,, $759.60 
AX#14801,paying,2019-01-24,, $799.00 
AX#15048,paying,2019-02-15,, $206.40 
AX#15095,paying,2019-03-27,, $188.80 
AX#15120,paying,2019-01-11,, $485.07 
AX#15151,paying,2019-02-04,, $235.17 
AX#15152,paying,2019-04-23,, $28.83 
AX#15162,paying,2019-02-04,, $628.03 
AX#15185,paying,2018-04-20,," $3,170.50 "
AX#15397,paying,2019-02-26,, $154.53 
AX#15601,paying,2019-02-20,, $386.37 
AX#15604,paying,2018-09-04,," $1,943.07 "
AX#15744,paying,2019-04-27,, $3.93 
AX#15745,paying,2019-04-06,, $208.27 
AX#15798,paying,2019-04-23,, $10.50 
AX#15889,paying,2018-11-11,, $851.20 
AX#16084,paying,2018-04-22,," $3,685.27 "
AX#16152,paying,2018-10-08,, $228.93 
AX#16177,paying,2018-12-20,, $137.60 
AX#16246,paying,2018-05-12,," $1,205.10 "
AX#16528,paying,2018-11-08,, $769.50 
AX#16760,cancelled,2018-06-15,2018-07-26, $343.03 
AX#16827,cancelled,2018-12-08,2018-12-18, $28.33 
AX#16838,paying,2018-12-25,, $545.60 
AX#16963,paying,2019-04-19,, $65.70 
AX#17033,paying,2018-09-14,, $474.60 
AX#17080,cancelled,2018-08-31,2019-02-25, $189.87 
AX#17122,paying,2018-09-08,, $696.00 
AX#17130,paying,2018-06-26,," $2,774.40 "
AX#17447,paying,2019-04-01,, $184.50 
AX#17460,cancelled,2018-04-27,2018-07-19, $395.63 
AX#17512,paying,2019-01-18,, $576.67 
AX#17569,paying,2018-01-24,," $2,677.50 "
AX#17609,cancelled,2018-11-09,2019-01-26, $122.20 
AX#17708,paying,2019-04-23,, $12.17 
AX#17721,paying,2019-04-20,, $24.27 
AX#17802,paying,2018-09-22,," $1,031.87 "
AX#17932,paying,2018-04-09,," $1,638.40 "
AX#18052,paying,2019-01-17,, $680.07 
AX#18090,paying,2019-01-16,, $972.40 
AX#18293,paying,2019-04-08,, $56.67 
AX#18601,paying,2019-02-16,, $243.77 
AX#18896,paying,2019-02-12,, $97.50 
AX#18936,cancelled,2018-11-09,2018-12-07, $229.60 
AX#18986,paying,2018-11-06,, $911.13 
AX#19070,paying,2019-04-27,, $8.23 
AX#19129,paying,2019-04-16,, $65.20 
AX#19206,paying,2018-03-01,," $1,833.00 "
AX#19229,paying,2018-04-03,," $2,756.00 "
AX#19248,paying,2018-12-25,, $326.53 
AX#19273,paying,2018-10-20,, $994.33 
AX#19335,cancelled,2018-06-28,2018-07-26, $211.87 
AX#19376,cancelled,2018-07-31,2018-08-25, $55.00 
AX#19423,cancelled,2018-06-26,2018-07-24, $100.80 
AX#19435,paying,2018-10-21,," $1,341.90 "
AX#19466,paying,2019-04-06,, $75.53 
AX#19519,paying,2018-12-29,, $604.00 
AX#19723,cancelled,2018-07-06,2018-10-07, $620.00 
AX#19772,paying,2018-12-02,, $284.20 
AX#20037,paying,2019-04-05,, $29.90 
AX#20438,paying,2018-11-11,, $728.00 
AX#20477,paying,2019-04-22,, $30.20 
AX#20527,paying,2019-04-08,, $101.33 
AX#20599,paying,2019-04-02,, $169.00 
AX#20602,paying,2019-04-23,, $46.83 
AX#20618,paying,2019-03-23,, $308.40 
AX#20621,cancelled,2019-02-14,2019-03-17, $234.57 
AX#20685,cancelled,2018-08-17,2018-09-14, $85.87 
AX#20968,paying,2018-12-21,, $891.73 
AX#21170,paying,2019-04-22,, $32.60 
AX#21243,paying,2019-04-08,, $114.00 
AX#21366,paying,2019-03-12,, $64.23 
AX#21446,paying,2019-04-27,, $1.80 
AX#21740,paying,2019-01-26,, $515.20 
AX#21766,paying,2019-04-21,, $50.40 
AX#21943,cancelled,2019-04-15,, $126.97 
AX#21975,paying,2018-12-01,, $577.20 
AX#22056,paying,2019-02-19,, $482.80 
AX#22110,paying,2018-08-27,, $504.27 
AX#22139,paying,2019-03-13,, $280.60 
AX#22213,paying,2019-04-03,, $212.50 
AX#22339,cancelled,2019-02-10,2019-05-13, $637.87 
AX#22374,cancelled,2018-04-08,2019-01-13," $2,268.00 "
AX#22435,paying,2019-02-11,, $101.33 
AX#22534,paying,2018-12-22,, $918.63 
AX#22538,cancelled,2018-06-24,2018-10-13, $281.20 
AX#22616,cancelled,2018-12-12,2018-12-20, $53.60 
AX#22639,paying,2018-07-17,," $2,014.00 "
AX#22682,cancelled,2018-10-22,2018-11-19, $123.20 
AX#22686,paying,2018-06-07,," $1,332.50 "
AX#22742,paying,2019-04-03,, $209.17 
AX#22877,cancelled,2018-03-12,2018-08-07, $927.47 
AX#22878,paying,2019-04-23,, $15.00 
AX#22912,paying,2019-04-27,, $5.80 
AX#23004,paying,2019-03-12,, $401.07 
AX#23090,paying,2019-04-09,, $22.80 
AX#23201,paying,2019-04-27,, $4.67 
AX#23207,cancelled,2018-10-30,2018-12-18, $387.10 
AX#23215,cancelled,2018-07-05,2018-10-08, $763.17 
AX#23324,cancelled,2018-04-09,2018-12-19, $499.53 
AX#23474,paying,2019-01-30,, $786.13 
AX#23648,cancelled,2018-06-22,2018-09-15, $546.83 
AX#23655,paying,2018-11-03,, $745.07 
AX#23716,paying,2019-03-04,, $199.83 
AX#23772,paying,2019-02-02,, $600.67 
AX#23889,paying,2018-11-08,," $1,499.10 "
AX#23931,paying,2019-03-02,, $480.70 
AX#23952,paying,2019-02-23,, $482.13 
AX#23975,paying,2018-10-02,," $1,462.93 "
AX#23984,paying,2019-04-20,, $56.80 
AX#23993,cancelled,2018-10-19,2019-02-13," $1,092.00 "
AX#24008,paying,2019-03-07,, $402.13 
AX#24118,paying,2019-03-29,, $92.00 
AX#24238,paying,2019-04-19,, $13.80 
AX#24394,paying,2018-03-10,," $1,104.00 "
AX#24546,paying,2019-03-26,, $324.50 
AX#24554,paying,2019-03-09,, $81.67 
AX#24629,paying,2018-07-12,," $1,498.33 "
AX#24635,paying,2019-02-23,, $473.60 
AX#24657,paying,2018-12-28,, $746.17 
AX#24744,paying,2019-03-28,, $187.03 
AX#24829,paying,2018-12-24,, $575.00 
AX#24832,cancelled,2018-04-08,2019-02-19, $739.67 
AX#24836,paying,2019-01-04,, $638.40 
AX#25113,paying,2019-03-18,, $299.30 
AX#25362,paying,2019-04-25,, $21.70 
AX#25517,paying,2019-04-16,, $102.40 
AX#25531,paying,2019-04-05,, $123.43 
AX#25600,paying,2019-03-31,, $56.00 
AX#25621,cancelled,2018-10-15,2019-05-16," $1,476.80 "
AX#25777,cancelled,2019-03-03,2019-03-22, $88.67 
AX#25819,paying,2019-02-10,, $685.30 
AX#26014,paying,2019-04-13,, $75.50 
AX#26040,paying,2019-03-11,, $139.20 
AX#26135,paying,2019-04-13,, $40.50 
AX#26211,paying,2018-11-16,, $657.43 
AX#26237,cancelled,2018-02-05,2018-05-22, $250.87 
AX#26384,paying,2018-12-24,, $679.17 
AX#26417,paying,2018-11-08,," $1,516.20 "
AX#26417,paying,2017-12-15,," $2,844.30 "
AX#26559,paying,2018-08-12,," $1,156.87 "
AX#26564,paying,2019-04-27,, $4.37 
AX#26571,cancelled,2018-11-04,2018-12-26, $369.20 
AX#26861,paying,2019-02-12,, $270.00 
AX#26954,paying,2019-04-15,, $95.33 
AX#26959,paying,2018-11-26,, $402.90 
AX#26961,paying,2018-12-26,, $672.40 
AX#27116,paying,2018-12-26,," $1,205.40 "
AX#27139,paying,2018-02-02,," $3,345.00 "
AX#27309,paying,2018-12-24,," $1,129.17 "
AX#27421,paying,2019-04-10,, $84.00 
AX#27441,paying,2019-02-17,, $660.33 
AX#27726,paying,2018-08-14,," $2,304.43 "
AX#27766,paying,2019-04-08,, $158.00 
AX#27899,paying,2019-04-10,, $150.00 
AX#27900,paying,2018-10-01,," $1,839.20 "
AX#27911,paying,2018-05-12,2018-06-09, $112.93 
AX#27913,paying,2019-04-18,, $93.00 
AX#27926,paying,2017-12-03,," $2,725.33 "
AX#27952,paying,2019-04-04,, $139.20 
AX#27988,paying,2018-12-02,2019-03-26, $657.40 
AX#28006,paying,2018-12-29,, $776.00 
AX#28008,paying,2019-02-04,, $691.67 
AX#28123,paying,2019-04-02,, $84.07 
AX#28173,paying,2019-04-27,, $1.77 
AX#28461,paying,2019-03-29,, $70.00 
AX#28607,paying,2018-11-11,, $834.40 
AX#28645,paying,2018-11-11,, $638.40 
AX#28694,paying,2018-05-22,," $2,307.43 "
AX#28960,paying,2019-04-27,, $4.17 
AX#29017,paying,2019-04-05,, $111.17 
AX#29180,paying,2018-08-07,," $1,707.20 "
AX#29185,paying,2019-04-02,, $96.20 
AX#29254,paying,2018-12-27,, $671.00 
AX#29351,paying,2019-04-13,, $110.50 
AX#29421,paying,2019-01-14,, $429.87 
AX#29479,paying,2018-01-29,," $3,874.13 "
AX#29597,cancelled,2018-03-23,2018-10-30, $758.77 
AX#29662,paying,2019-01-20,, $676.20 
AX#29772,paying,2018-11-11,, $190.40 
AX#29830,paying,2019-02-03,, $705.60 
AX#30054,paying,2019-02-28,, $64.90 
AX#30186,paying,2018-04-09,," $1,228.80 "
AX#30305,paying,2019-04-15,, $97.50 
AX#30312,paying,2019-04-08,, $97.33 
AX#30456,paying,2019-02-12,, $427.50 
AX#30562,paying,2018-11-23,, $613.60 
AX#30698,paying,2019-02-15,, $583.20 
AX#30714,paying,2018-12-29,, $700.00 
AX#30805,paying,2018-09-18,, $843.60 
AX#30976,paying,2019-04-27,, $9.63 
AX#31032,paying,2018-11-11,, $789.60 
AX#31034,paying,2019-04-21,, $38.03 
AX#31138,paying,2019-04-13,, $144.00 
AX#31145,paying,2019-03-26,, $149.60 
AX#31269,paying,2019-04-18,, $65.33 
AX#31548,paying,2019-04-12,, $157.87 
AX#31663,paying,2019-04-25,, $9.10 
AX#31700,paying,2018-10-04,," $1,709.80 "
AX#31828,paying,2018-06-24,," $1,221.73 "
AX#31860,paying,2018-10-22,," $1,334.80 "
AX#31870,paying,2019-03-19,, $196.00 
AX#31891,paying,2018-03-12,," $3,680.53 "
AX#32025,cancelled,2018-04-24,2018-12-10, $529.00 
AX#32309,paying,2018-04-09,," $3,020.80 "
AX#32393,paying,2019-02-23,, $262.40 
AX#32524,paying,2019-04-06,, $122.47 
AX#32625,paying,2018-07-08,, $695.80 
AX#32645,paying,2018-12-29,, $544.00 
AX#32826,paying,2018-04-15,," $1,058.40 "
AX#32845,paying,2019-01-18,, $330.00 
AX#32906,paying,2019-04-16,, $58.80 
AX#32989,paying,2019-04-22,, $34.60 
AX#33188,paying,2019-04-11,, $22.67 
AX#33470,paying,2018-09-30,, $798.00 
AX#33514,paying,2019-02-08,, $76.37 
AX#33670,paying,2018-06-10,," $1,363.13 "
AX#33692,paying,2019-03-08,, $86.70 
AX#33701,paying,2019-02-01,, $604.87 
AX#33705,paying,2018-08-24,," $1,177.37 "
AX#33826,paying,2018-11-11,, $655.20 
AX#33835,paying,2018-04-08,," $1,244.83 "
AX#33853,cancelled,2018-10-03,2018-11-11, $382.20 
AX#33860,paying,2019-04-14,, $73.27 
AX#33896,cancelled,2018-04-14,2019-02-02," $2,195.20 "
AX#33896,paying,2018-03-23,, $735.17 
AX#34022,paying,2019-04-06,, $135.67 
AX#34024,cancelled,2018-04-09,2018-06-15, $323.83 
AX#34055,cancelled,2019-01-11,2019-02-19, $327.60 
AX#34089,paying,2018-04-12,, $558.80 
AX#34123,paying,2019-04-25,, $28.70 
AX#34436,cancelled,2018-11-02,2018-12-03, $157.07 
AX#34669,paying,2019-03-27,, $274.13 
AX#34870,paying,2019-02-15,, $160.80 
AX#34924,paying,2018-12-16,, $212.80 
AX#35063,paying,2019-03-18,, $83.37 
AX#35192,paying,2019-03-04,, $341.00 
AX#35491,paying,2019-02-23,, $375.47 
AX#35535,paying,2019-03-12,, $137.87 
AX#35555,cancelled,2018-01-28,2018-08-27," $1,941.20 "
AX#35612,paying,2019-02-15,, $232.80 
AX#35711,paying,2019-03-02,, $332.50 
AX#35725,paying,2019-03-22,, $92.50 
AX#35821,paying,2019-03-23,, $123.60 
AX#36126,paying,2019-04-23,, $16.17 
AX#36180,paying,2018-12-06,," $1,053.43 "
AX#36264,paying,2019-02-21,, $418.00 
AX#36338,cancelled,2018-12-15,2019-02-11, $123.73 
AX#36690,paying,2019-04-01,, $208.80 
AX#36693,paying,2019-03-23,, $312.00 
AX#36888,paying,2019-04-06,, $160.60 
AX#37061,paying,2019-03-12,, $54.83 
AX#37092,paying,2018-11-11,, $744.80 
AX#37122,paying,2018-12-24,," $1,137.50 "
AX#37169,paying,2019-04-12,, $60.80 
AX#37174,paying,2019-04-02,, $156.87 
AX#37216,cancelled,2018-06-05,2018-07-03, $120.40 
AX#37499,paying,2018-11-11,, $800.80 
AX#37581,paying,2019-03-16,, $117.53 
AX#37688,paying,2018-11-08,," $1,641.60 "
AX#37703,paying,2019-04-19,, $74.70 
AX#37860,paying,2019-03-21,, $116.53 
AX#37895,paying,2018-09-30,, $742.00 
AX#38026,paying,2019-02-27,, $78.00 
AX#38041,paying,2019-04-03,, $81.67 
AX#38050,paying,2018-07-31,," $1,788.60 "
AX#38080,cancelled,2018-11-07,2018-11-14, $17.03 
AX#38167,paying,2019-04-07,, $28.70 
AX#38339,paying,2018-12-25,, $124.00 
AX#38378,paying,2018-04-08,, $770.00 
AX#38468,paying,2019-04-11,, $148.47 
AX#38574,paying,2018-01-23,," $2,468.67 "
AX#38581,paying,2019-01-18,, $756.67 
AX#38696,paying,2019-03-12,, $468.43 
AX#38824,paying,2018-12-21,, $170.67 
AX#38891,paying,2019-03-30,, $288.07 
AX#38955,paying,2018-12-13,," $1,074.40 "
AX#39089,paying,2018-11-04,, $175.00 
AX#39201,paying,2019-03-23,, $199.20 
AX#39338,cancelled,2018-11-04,2019-03-17, $766.97 
AX#39469,paying,2019-01-23,, $440.17 
AX#39575,paying,2019-04-13,, $82.50 
AX#39653,paying,2018-11-11,," $1,472.80 "
AX#39739,paying,2019-01-13,, $280.00 
AX#39759,paying,2019-03-16,, $375.53 
AX#39992,cancelled,2018-11-06,2019-01-31, $607.73 
AX#40035,paying,2019-02-24,, $315.00 
AX#40360,paying,2019-04-04,, $124.80 
AX#40386,paying,2018-07-17,," $1,567.50 "
AX#40499,paying,2019-04-05,, $88.93 
AX#40558,paying,2018-12-07,, $250.87 
AX#40728,paying,2019-04-09,, $47.50 
AX#40733,paying,2018-11-30,, $263.23 
AX#40755,paying,2019-01-05,, $576.30 
AX#40983,cancelled,2018-09-07,2018-09-14, $51.33 
AX#40992,paying,2019-04-08,, $120.00 
AX#41087,paying,2019-02-03,, $263.20 
AX#41124,paying,2019-04-02,, $104.87 
AX#41142,paying,2019-04-25,, $4.90 
AX#41290,paying,2019-03-20,, $157.30 
AX#41535,paying,2018-08-04,," $2,527.60 "
AX#41596,paying,2019-03-31,, $175.47 
AX#41742,paying,2019-01-27,, $233.57 
AX#41765,paying,2019-02-24,, $111.30 
AX#41838,cancelled,2018-04-09,2018-12-25," $1,516.67 "
AX#42125,paying,2019-01-14,, $873.60 
AX#42184,paying,2019-04-02,, $119.60 
AX#42258,cancelled,2018-01-06,2018-01-06, $-   
AX#42276,paying,2019-02-15,, $72.00 
AX#42299,paying,2018-06-28,," $2,290.13 "
AX#42332,paying,2019-03-01,, $191.40 
AX#42372,paying,2017-12-22,," $3,673.60 "
AX#42592,paying,2018-09-21,, $430.70 
AX#42730,paying,2018-11-08,, $176.70 
AX#42798,paying,2019-03-26,, $212.30 
AX#42813,paying,2019-04-20,, $10.67 
AX#43194,paying,2019-04-20,, $59.73 
AX#43222,paying,2019-03-08,, $239.70 
AX#43247,cancelled,2018-01-30,2018-03-10, $248.30 
AX#43297,paying,2018-11-17,, $318.60 
AX#43515,paying,2018-12-09,, $779.33 
AX#43648,paying,2019-02-17,, $620.67 
AX#43737,paying,2018-12-29,, $392.00 
AX#43803,paying,2019-04-05,, $113.47 
AX#43824,paying,2019-04-22,, $21.40 
AX#43849,cancelled,2018-11-14,2018-11-30, $104.00 
AX#43864,paying,2018-04-09,," $1,638.40 "
AX#43917,paying,2018-01-08,, $791.67 
AX#43928,paying,2018-11-11,," $1,198.40 "
AX#43948,paying,2019-03-25,, $211.93 
AX#44215,cancelled,2018-08-14,2018-08-17, $12.10 
AX#44318,paying,2019-01-16,, $462.40 
AX#44389,paying,2019-04-21,, $17.97 
AX#44522,paying,2019-04-22,, $13.60 
AX#44567,paying,2019-02-26,, $412.77 
AX#44610,paying,2018-12-23,, $449.40 
AX#44643,paying,2019-03-16,, $81.70 
AX#44651,paying,2019-03-08,, $54.40 
AX#44758,paying,2019-04-27,, $9.00 
AX#44891,cancelled,2018-07-31,2018-08-28, $210.00 
AX#44904,paying,2019-04-05,, $216.20 
AX#44976,paying,2019-01-28,, $405.00 
AX#44994,paying,2019-02-03,, $837.20 
AX#45042,paying,2019-04-01,, $128.70 
AX#45042,paying,2019-04-02,, $68.47 
AX#45144,paying,2019-04-16,, $56.00 
AX#45257,paying,2019-03-18,, $60.13 
AX#45407,paying,2019-01-28,, $597.00 
AX#45444,cancelled,2018-09-14,2019-01-29," $1,219.30 "
AX#45672,paying,2019-04-20,, $76.53 
AX#45724,cancelled,2018-03-23,2018-03-23, $-   
AX#45798,paying,2018-11-30,," $1,157.23 "
AX#46061,paying,2019-04-21,, $35.23 
AX#46094,paying,2018-06-11,," $2,568.00 "
AX#46173,paying,2019-04-02,, $174.20 
AX#46186,paying,2019-03-13,, $53.67 
AX#46289,cancelled,2019-02-17,2019-02-22, $17.83 
AX#46308,paying,2018-12-02,, $396.90 
AX#46322,paying,2019-02-23,, $258.13 
AX#46372,paying,2018-11-24,, $702.67 
AX#46542,paying,2019-03-01,, $311.27 
AX#46869,paying,2019-02-23,, $179.20 
AX#46894,paying,2018-10-28,," $1,547.00 "
AX#46903,paying,2019-03-01,, $431.13 
AX#47000,paying,2018-01-23,," $1,640.67 "
AX#47154,paying,2019-03-04,, $95.33 
AX#47186,paying,2018-03-10,," $2,608.20 "
AX#47253,cancelled,2018-12-09,2019-01-28, $188.33 
AX#47437,cancelled,2018-04-09,2018-10-30," $1,373.60 "
AX#47508,paying,2019-03-29,, $34.00 
AX#47576,paying,2018-05-12,," $2,679.30 "
AX#47626,cancelled,2019-01-05,2019-03-06, $138.00 
AX#47642,paying,2019-02-08,, $81.63 
AX#47676,paying,2019-04-27,, $1.73 
AX#47762,paying,2019-03-31,, $273.47 
AX#47772,cancelled,2018-07-11,2018-08-08, $244.53 
AX#48140,paying,2019-04-19,, $39.00 
AX#48492,paying,2018-04-09,, $588.80 
AX#48539,cancelled,2018-04-09,2018-08-22," $1,107.00 "
AX#48697,paying,2019-04-09,, $91.83 
AX#48747,cancelled,2018-09-03,2018-10-01, $178.27 
AX#48911,paying,2018-08-19,," $2,402.40 "
AX#49044,paying,2019-03-08,, $100.30 
AX#49157,paying,2018-12-09,," $1,068.67 "
AX#49182,paying,2018-07-10,," $2,764.27 "
AX#49304,cancelled,2018-09-07,2018-10-05, $88.67 
AX#49324,paying,2019-04-01,, $220.50 
AX#49331,paying,2019-04-22,, $40.60 
AX#49487,cancelled,2018-07-04,2018-08-03, $195.00 
AX#49515,paying,2018-12-08,, $592.20 
AX#49585,paying,2019-02-02,, $141.67 
AX#49620,paying,2019-03-30,, $223.30 
AX#49673,cancelled,2018-12-27,2019-01-23, $161.10 
AX#49775,cancelled,2018-10-05,2018-11-02, $122.27 
AX#50096,cancelled,2018-10-12,2018-10-13, $9.87 
AX#50235,paying,2018-10-08,," $1,016.73 "
AX#50288,paying,2019-04-09,, $93.10 
AX#50289,paying,2019-03-31,, $218.40 
AX#50542,cancelled,2018-07-27,2018-09-18, $445.20 
AX#50625,paying,2018-07-22,, $914.67 
AX#50714,paying,2018-10-10,," $1,800.00 "
AX#50726,paying,2018-12-01,, $453.87 
AX#50772,paying,2019-04-27,, $4.73 
AX#50782,paying,2018-07-24,," $2,594.67 "
AX#50880,paying,2019-03-09,, $225.00 
AX#51111,paying,2019-03-31,, $65.33 
AX#51170,paying,2019-01-25,, $279.00 
AX#51195,paying,2018-04-09,," $2,457.60 "
AX#51228,paying,2019-03-16,, $151.93 
AX#51360,paying,2019-01-17,, $508.37 
AX#51524,paying,2019-04-02,, $50.27 
AX#51591,paying,2018-09-23,," $2,068.73 "
AX#51740,paying,2018-07-14,, $806.40 
AX#51785,paying,2019-02-12,, $400.00 
AX#51802,cancelled,2018-10-13,2019-02-09, $448.23 
AX#51807,paying,2019-04-02,, $172.47 
AX#51929,paying,2018-11-02,," $1,663.80 "
AX#52053,paying,2019-03-22,, $300.93 
AX#52206,paying,2019-04-22,, $20.20 
AX#52218,paying,2018-11-28,, $508.37 
AX#52317,paying,2019-03-30,, $139.20 
AX#52388,paying,2019-04-23,, $19.50 
AX#52457,paying,2018-10-26,," $1,668.27 "
AX#52599,paying,2019-03-21,, $139.33 
AX#52751,paying,2018-10-14,," $1,274.00 "
AX#52852,cancelled,2018-07-28,2019-02-05, $518.40 
AX#52875,paying,2019-01-16,, $557.60 
AX#52930,paying,2019-01-03,, $624.83 
AX#53056,paying,2018-11-08,," $1,014.60 "
AX#53065,paying,2019-04-13,, $91.50 
AX#53067,paying,2019-04-25,, $12.00 
AX#53102,cancelled,2018-04-08,2018-10-23, $389.40 
AX#53115,paying,2018-12-18,, $362.43 
AX#53146,paying,2019-03-20,, $101.40 
AX#53149,paying,2018-01-26,," $1,888.93 "
AX#53242,paying,2019-04-27,, $6.83 
AX#53513,cancelled,2018-04-12,2019-02-02," $2,180.53 "
AX#53553,paying,2019-04-06,, $66.73 
AX#53571,paying,2019-04-22,, $24.20 
AX#53717,paying,2019-04-08,, $114.67 
AX#53748,paying,2019-02-16,, $80.47 
AX#53866,paying,2019-04-23,, $32.67 
AX#54192,paying,2019-02-01,, $223.60 
AX#54403,cancelled,2018-04-09,2018-10-07, $512.83 
AX#54532,paying,2019-04-18,, $40.67 
AX#54536,paying,2018-07-16,," $2,431.00 "
AX#54567,paying,2019-04-02,, $196.73 
AX#54591,paying,2019-03-04,, $363.00 
AX#54716,paying,2019-04-23,, $8.67 
AX#54803,paying,2018-11-23,, $514.80 
AX#54805,paying,2019-04-09,, $91.20 
AX#54814,cancelled,2018-11-22,2018-12-12, $34.67 
AX#54865,paying,2019-04-13,, $38.00 
AX#54941,paying,2019-04-27,, $8.03 
AX#55027,paying,2019-04-10,, $130.80 
AX#55073,paying,2019-03-22,, $245.43 
AX#55135,paying,2019-04-15,, $21.23 
AX#55479,paying,2019-03-28,, $172.57 
AX#55485,paying,2019-04-08,, $172.00 
AX#55846,paying,2019-03-02,, $305.90 
AX#56182,cancelled,2018-11-02,2018-11-30, $245.47 
AX#56481,paying,2019-03-04,, $331.83 
AX#56540,paying,2019-02-11,, $691.60 
AX#56582,paying,2018-07-31,, $713.63 
AX#56582,paying,2018-08-15,, $554.67 
AX#56787,paying,2019-03-08,, $277.10 
AX#56813,paying,2018-10-25,, $283.67 
AX#56862,paying,2019-02-15,, $307.20 
AX#57000,paying,2018-10-12,, $462.00 
AX#57125,paying,2018-07-02,," $2,110.00 "
AX#57272,paying,2018-08-29,," $1,927.93 "
AX#57347,paying,2018-09-18,," $1,043.40 "
AX#57422,paying,2018-09-25,, $910.17 
AX#57449,paying,2018-12-30,, $253.87 
AX#57565,paying,2018-12-15,, $491.33 
AX#57708,paying,2019-04-18,, $27.33 
AX#57842,paying,2019-03-24,, $297.50 
AX#57863,cancelled,2018-08-14,2018-09-11, $206.27 
AX#57888,paying,2019-04-02,, $256.53 
AX#58557,paying,2019-01-22,, $448.00 
AX#58657,paying,2018-06-21,," $2,747.17 "
AX#58759,paying,2019-01-07,, $773.30 
AX#58818,cancelled,2018-04-08,2018-04-15, $54.60 
AX#58827,paying,2018-11-26,, $229.50 
AX#58884,paying,2019-02-28,, $62.93 
AX#58909,cancelled,2018-11-11,2018-12-19, $314.13 
AX#58982,paying,2019-04-14,, $14.47 
AX#58989,cancelled,2018-12-09,2018-12-28, $186.83 
AX#59015,paying,2019-03-13,, $148.73 
AX#59025,paying,2019-04-22,, $28.40 
AX#59134,paying,2019-02-21,, $275.00 
AX#59180,paying,2019-04-26,, $2.87 
AX#59383,paying,2018-04-22,," $1,694.23 "
AX#59434,paying,2018-10-29,, $331.83 
AX#59549,paying,2018-11-08,, $883.50 
AX#59716,paying,2018-11-08,," $1,584.60 "
AX#59784,paying,2019-04-17,, $56.47 
AX#59809,paying,2019-01-31,, $730.80 
AX#59947,paying,2019-02-18,, $232.30 
AX#59995,paying,2018-04-08,," $3,028.67 "
AX#60099,paying,2019-03-04,, $214.50 
AX#60223,paying,2019-04-01,, $219.60 
AX#60243,paying,2019-04-01,, $257.40 
AX#60254,paying,2018-04-09,, $780.80 
AX#60319,paying,2019-04-12,, $85.33 
AX#60531,paying,2019-03-26,, $290.40 
AX#60575,paying,2019-04-03,, $151.67 
AX#60627,paying,2019-01-24,, $275.73 
AX#60680,paying,2019-01-13,, $129.50 
AX#60771,paying,2018-05-13,," $3,126.67 "
AX#60779,paying,2019-03-15,, $277.20 
AX#60784,paying,2019-04-06,, $126.87 
AX#60872,paying,2018-12-21,, $443.73 
AX#61254,paying,2019-03-31,, $240.80 
AX#61532,paying,2019-01-20,, $787.27 
AX#61682,paying,2018-12-07,, $307.67 
AX#61740,paying,2019-04-25,, $29.30 
AX#61940,paying,2019-04-21,, $24.03 
AX#62038,paying,2018-12-31,, $149.47 
AX#62046,cancelled,2018-10-06,2018-10-09, $12.80 
AX#62048,paying,2018-12-24,," $1,012.50 "
AX#62109,paying,2018-09-26,, $235.40 
AX#62141,paying,2019-02-25,, $177.73 
AX#62242,paying,2019-01-04,, $114.00 
AX#62247,paying,2019-04-05,, $178.63 
AX#62265,paying,2019-04-06,, $122.47 
AX#62450,paying,2018-11-03,," $1,595.73 "
AX#62528,cancelled,2018-11-05,2018-12-03, $80.27 
AX#62530,paying,2018-04-08,," $2,643.67 "
AX#62560,paying,2019-03-09,, $410.00 
AX#62628,paying,2018-08-19,, $730.80 
AX#62706,paying,2019-03-09,, $285.00 
AX#62837,paying,2018-12-05,, $537.60 
AX#62839,paying,2019-03-28,, $145.70 
AX#63012,paying,2019-04-01,, $126.90 
AX#63062,paying,2019-04-22,, $22.40 
AX#63288,paying,2018-10-08,, $861.87 
AX#63300,paying,2019-01-07,, $532.80 
AX#63318,paying,2018-09-18,, $555.00 
AX#63366,paying,2019-04-12,, $48.00 
AX#63383,paying,2019-03-05,, $300.60 
AX#63559,paying,2019-04-08,, $23.33 
AX#63570,paying,2018-12-15,, $687.87 
AX#63705,cancelled,2018-04-09,2018-08-29, $923.00 
AX#63798,paying,2019-03-16,, $116.10 
AX#63818,paying,2018-08-12,," $1,018.73 "
AX#63853,paying,2019-03-30,, $147.90 
AX#63854,paying,2019-04-17,, $36.30 
AX#63877,paying,2019-02-23,, $83.20 
AX#63884,paying,2019-04-27,, $1.63 
AX#64101,paying,2019-04-26,, $2.80 
AX#64287,paying,2018-10-19,," $1,209.67 "
AX#64456,paying,2019-02-04,, $744.23 
AX#64485,paying,2019-04-23,, $25.00 
AX#64645,paying,2018-07-28,," $1,132.53 "
AX#64691,paying,2019-03-26,, $122.10 
AX#64706,paying,2019-04-24,, $4.27 
AX#64920,paying,2019-04-22,, $34.20 
AX#65166,paying,2019-04-05,, $223.10 
AX#65425,cancelled,2018-10-26,2018-12-27, $436.07 
AX#65721,paying,2018-12-24,, $695.83 
AX#65907,cancelled,2018-01-04,2019-03-26," $4,430.27 "
AX#65974,paying,2019-03-12,, $253.80 
AX#65990,paying,2019-04-24,, $20.93 
AX#66021,paying,2018-12-12,, $328.80 
AX#66203,paying,2019-02-25,, $194.27 
AX#66273,paying,2018-12-24,, $170.83 
AX#66327,paying,2019-01-06,, $220.27 
AX#66464,paying,2019-01-24,, $908.67 
AX#66724,cancelled,2018-10-15,2019-01-29," $1,021.13 "
AX#66770,paying,2019-02-22,, $444.17 
AX#66792,paying,2019-04-02,, $169.87 
AX#66843,cancelled,2019-01-08,2019-02-01, $160.80 
AX#66935,cancelled,2019-01-12,2019-02-01, $106.67 
AX#67062,paying,2018-08-07,," $2,332.00 "
AX#67211,paying,2019-02-03,, $109.20 
AX#67218,paying,2019-01-01,, $187.20 
AX#67294,paying,2019-02-01,, $498.80 
AX#67401,paying,2018-12-11,, $225.40 
AX#67447,paying,2018-08-06,, $432.83 
AX#67493,paying,2019-04-09,, $108.30 
AX#67498,paying,2019-02-01,, $295.27 
AX#67500,paying,2019-04-03,, $40.00 
AX#67505,paying,2018-09-01,," $1,147.20 "
AX#67541,paying,2019-02-13,, $732.60 
AX#67663,paying,2019-04-24,, $35.07 
AX#67693,cancelled,2019-02-17,2019-02-23, $31.00 
AX#67771,paying,2019-03-16,, $203.53 
AX#67832,cancelled,2018-12-29,2019-01-22, $237.60 
AX#67892,paying,2018-12-18,, $847.13 
AX#67928,paying,2018-11-03,," $1,138.13 "
AX#68022,paying,2019-01-19,, $702.90 
AX#68156,paying,2018-11-08,, $775.20 
AX#68162,paying,2018-05-22,," $2,591.60 "
AX#68305,paying,2018-11-09,, $476.00 
AX#68529,paying,2019-04-20,, $31.20 
AX#68640,paying,2019-04-26,, $4.13 
AX#68689,paying,2018-12-04,, $879.67 
AX#68783,paying,2019-04-22,, $37.60 
AX#68840,paying,2019-04-05,, $181.70 
AX#68843,paying,2018-04-27,," $2,513.20 "
AX#68898,paying,2019-04-02,, $248.73 
AX#68931,paying,2019-03-30,, $78.30 
AX#69146,paying,2019-04-27,, $4.97 
AX#69172,paying,2018-03-12,," $2,403.33 "
AX#69188,paying,2019-04-23,, $43.00 
AX#69425,paying,2019-04-15,, $29.03 
AX#69648,paying,2018-06-10,, $944.53 
AX#69767,paying,2019-02-16,, $78.10 
AX#69846,paying,2019-03-17,, $51.80 
AX#69850,paying,2018-06-08,," $2,386.80 "
AX#69883,paying,2018-12-29,, $780.00 
AX#69913,paying,2018-04-09,, $435.20 
AX#70000,paying,2019-03-26,, $206.80 
AX#70060,paying,2019-02-24,, $73.50 
AX#70115,paying,2019-04-22,, $55.40 
AX#70178,paying,2019-04-24,, $33.33 
AX#70550,paying,2019-01-25,, $638.60 
AX#70579,paying,2018-11-11,, $420.00 
AX#70673,paying,2019-04-11,, $74.23 
AX#70691,paying,2019-03-16,, $77.40 
AX#70704,paying,2019-03-30,, $101.50 
AX#70731,paying,2019-04-18,, $42.00 
AX#70944,paying,2018-02-18,," $2,878.87 "
AX#71168,paying,2019-03-08,, $297.50 
AX#71224,paying,2018-07-21,," $1,751.57 "
AX#71231,paying,2018-11-11,, $207.20 
AX#71301,paying,2019-01-13,, $724.50 
AX#71350,paying,2018-12-22,, $207.43 
AX#71389,paying,2018-04-09,," $1,728.00 "
AX#71494,paying,2019-04-03,, $105.83 
AX#71538,paying,2019-01-07,, $347.80 
AX#71789,paying,2018-09-03,," $1,690.60 "
AX#71933,paying,2018-12-03,, $929.53 
AX#71946,paying,2018-09-30,, $931.00 
AX#71956,paying,2019-02-05,, $174.93 
AX#71986,cancelled,2018-08-04,2018-09-01, $156.80 
AX#72002,paying,2019-03-24,, $120.17 
AX#72026,paying,2018-09-29,, $773.67 
AX#72107,paying,2019-03-01,, $210.73 
AX#72312,paying,2018-11-01,, $801.00 
AX#72519,paying,2019-04-08,, $180.00 
AX#72534,cancelled,2018-04-08,2018-04-15, $48.07 
AX#72567,cancelled,2018-09-18,2018-12-28, $909.00 
AX#72811,paying,2019-04-08,, $41.33 
AX#72826,paying,2019-03-04,, $517.00 
AX#73167,paying,2019-02-26,, $286.70 
AX#73212,paying,2019-02-14,, $591.30 
AX#73288,cancelled,2018-09-16,2018-10-14, $196.00 
AX#73424,paying,2018-09-01,," $1,370.27 "
AX#73537,paying,2019-04-15,, $61.53 
AX#73675,paying,2019-04-14,, $123.67 
AX#73723,cancelled,2018-12-03,2018-12-24, $205.10 
AX#73773,cancelled,2018-03-16,2018-08-31, $380.80 
AX#74017,paying,2018-10-28,, $831.13 
AX#74044,paying,2018-09-11,," $1,206.07 "
AX#74184,paying,2019-04-06,, $27.13 
AX#74214,paying,2018-03-07,," $2,293.50 "
AX#74321,paying,2019-04-04,, $151.20 
AX#74328,paying,2019-04-05,, $182.47 
AX#74414,paying,2019-04-27,, $1.40 
AX#74416,cancelled,2018-08-27,2019-01-15, $291.40 
AX#74467,paying,2019-03-23,, $357.60 
AX#74595,paying,2019-03-16,, $222.17 
AX#74740,paying,2019-01-20,, $927.73 
AX#74938,cancelled,2018-01-29,2018-03-31, $343.63 
AX#75052,paying,2018-06-12,," $2,442.67 "
AX#75078,paying,2019-04-28,, $-   
AX#75209,paying,2018-09-07,," $2,058.17 "
AX#75249,paying,2018-09-14,, $836.20 
AX#75310,paying,2019-04-04,, $182.40 
AX#75376,paying,2019-01-15,, $171.67 
AX#75536,paying,2019-04-09,, $132.37 
AX#75683,paying,2019-02-16,, $665.03 
AX#75687,paying,2018-11-03,," $1,589.87 "
AX#76000,paying,2018-12-29,, $804.00 
AX#76167,paying,2019-01-05,, $553.70 
AX#76215,paying,2018-03-21,," $1,585.13 "
AX#76451,paying,2018-11-17,, $237.60 
AX#76511,paying,2019-02-02,, $578.00 
AX#76624,paying,2018-12-17,, $171.60 
AX#76650,paying,2019-02-18,, $156.40 
AX#76781,paying,2019-02-09,, $566.80 
AX#76858,paying,2019-03-12,, $302.37 
AX#76860,paying,2019-02-06,, $337.50 
AX#76929,paying,2018-11-08,, $741.00 
AX#77122,cancelled,2018-07-14,2018-08-14, $207.70 
AX#77144,paying,2019-04-09,, $154.53 
AX#77162,paying,2018-04-09,," $3,097.60 "
AX#77213,cancelled,2018-10-07,2018-12-01, $300.67 
AX#77290,paying,2019-02-19,, $389.87 
AX#77421,paying,2019-03-04,, $148.50 
AX#77600,paying,2019-03-25,, $100.87 
AX#77692,paying,2019-04-27,, $2.60 
AX#77797,cancelled,2017-12-11,2018-10-30," $1,679.60 "
AX#77798,paying,2019-04-03,, $154.17 
AX#77800,paying,2019-03-25,, $167.73 
AX#77941,paying,2019-04-15,, $53.30 
AX#78033,paying,2019-02-06,, $664.20 
AX#78093,paying,2018-08-27,," $1,927.60 "
AX#78177,paying,2019-04-24,, $38.27 
AX#78217,paying,2018-12-17,," $1,245.20 "
AX#78357,paying,2019-04-21,, $16.10 
AX#78437,paying,2019-04-01,, $80.10 
AX#78451,paying,2019-04-23,, $26.83 
AX#78482,paying,2019-03-25,, $51.00 
AX#78535,paying,2019-01-26,, $312.80 
AX#78556,paying,2018-04-09,," $3,136.00 "
AX#78646,cancelled,2018-03-01,2018-05-23, $655.70 
AX#78668,paying,2019-04-06,, $110.73 
AX#78680,paying,2019-04-27,, $3.73 
AX#78755,cancelled,2019-01-15,2019-02-10, $246.13 
AX#78782,paying,2018-06-27,, $793.00 
AX#78825,paying,2019-04-06,, $22.73 
AX#79104,paying,2019-04-02,, $62.40 
AX#79130,paying,2018-12-24,," $1,145.83 "
AX#79175,paying,2018-12-22,, $410.63 
AX#79266,paying,2018-12-24,, $212.50 
AX#79366,paying,2019-02-16,, $208.27 
AX#79409,paying,2018-06-24,, $954.80 
AX#79739,paying,2018-11-25,, $954.80 
AX#79812,paying,2019-04-08,, $129.33 
AX#79821,paying,2019-04-26,, $12.53 
AX#79839,paying,2019-04-01,, $37.80 
AX#79950,paying,2018-08-18,, $362.63 
AX#80024,paying,2019-04-07,, $42.70 
AX#80260,paying,2019-03-07,, $396.93 
AX#80264,paying,2019-04-23,, $17.50 
AX#80335,paying,2019-03-21,, $355.93 
AX#80355,paying,2018-07-30,," $1,242.13 "
AX#80461,paying,2018-04-09,," $2,956.80 "
AX#80553,paying,2018-11-29,, $695.00 
AX#80578,paying,2019-01-26,, $113.47 
AX#80667,paying,2019-04-05,, $78.97 
AX#80710,paying,2019-04-03,, $130.83 
AX#80774,paying,2019-02-18,, $207.00 
AX#80794,paying,2019-04-01,, $215.10 
AX#80821,paying,2019-03-31,, $206.27 
AX#81023,paying,2018-06-25,," $1,228.00 "
AX#81105,paying,2019-03-28,, $301.73 
AX#81129,paying,2019-04-14,, $66.73 
AX#81230,paying,2019-04-27,, $6.93 
AX#81598,paying,2018-11-27,, $354.67 
AX#81643,paying,2018-12-07,, $260.33 
AX#81736,paying,2018-12-07,, $591.67 
AX#81746,paying,2019-04-22,, $57.20 
AX#81847,paying,2019-01-29,, $753.53 
AX#82120,paying,2019-02-24,, $65.10 
AX#82225,cancelled,2018-11-10,2018-12-08, $154.93 
AX#82335,paying,2018-09-09,," $1,578.50 "
AX#82395,paying,2018-12-16,," $1,316.70 "
AX#82469,paying,2018-09-15,, $510.00 
AX#82597,paying,2018-11-08,," $1,499.10 "
AX#82689,paying,2019-04-12,, $97.60 
AX#82800,paying,2018-02-19,, $894.87 
AX#83475,paying,2018-11-11,, $168.00 
AX#83481,paying,2019-04-27,, $4.43 
AX#83645,paying,2018-12-17,, $220.00 
AX#83849,paying,2019-01-30,, $360.80 
AX#83869,paying,2019-01-25,, $285.20 
AX#83986,cancelled,2018-12-09,2019-01-05, $110.70 
AX#84034,paying,2019-03-27,, $160.00 
AX#84113,paying,2019-04-24,, $6.67 
AX#84180,paying,2019-03-12,, $258.50 
AX#84283,paying,2019-03-09,, $236.67 
AX#84422,paying,2019-03-03,, $517.07 
AX#84453,paying,2019-02-13,, $633.93 
AX#84458,cancelled,2018-03-25,2018-05-04, $106.67 
AX#84513,paying,2019-02-04,, $702.73 
AX#84601,paying,2018-06-29,," $2,535.10 "
AX#84649,paying,2019-03-03,, $558.13 
AX#84649,paying,2019-01-26,, $502.93 
AX#84666,paying,2019-03-24,, $35.00 
AX#84696,paying,2019-04-26,, $6.27 
AX#84732,paying,2018-11-10,," $1,025.27 "
AX#84772,paying,2019-04-20,, $60.27 
AX#85108,paying,2019-01-21,, $407.40 
AX#85141,paying,2018-04-09,," $1,472.00 "
AX#85157,paying,2018-11-04,," $1,166.67 "
AX#85362,paying,2018-12-24,," $1,220.83 "
AX#85429,paying,2018-10-19,," $1,018.67 "
AX#85469,paying,2019-02-15,, $508.80 
AX#85671,cancelled,2018-04-09,2018-10-06, $942.00 
AX#85683,paying,2018-12-21,, $998.40 
AX#85731,paying,2019-04-27,, $7.80 
AX#85757,paying,2018-11-25,, $893.20 
AX#85785,paying,2018-11-08,, $991.80 
AX#86130,paying,2019-04-07,, $90.30 
AX#86253,paying,2018-12-28,, $274.27 
AX#86287,paying,2019-02-23,, $629.33 
AX#86348,paying,2019-04-06,, $196.53 
AX#86510,paying,2019-02-11,, $88.67 
AX#86535,paying,2018-06-19,," $1,742.37 "
AX#86610,cancelled,2018-11-11,2018-11-19, $9.60 
AX#86626,paying,2019-02-18,, $409.40 
AX#86634,paying,2019-04-27,, $1.63 
AX#86681,paying,2019-02-20,, $415.40 
AX#86775,paying,2018-11-03,," $1,677.87 "
AX#86847,paying,2019-04-02,, $114.40 
AX#86867,paying,2019-04-24,, $18.80 
AX#86886,paying,2019-04-02,, $142.13 
AX#86915,paying,2018-11-03,, $486.93 
AX#86930,paying,2019-03-31,, $200.67 
AX#87005,paying,2018-11-11,, $263.20 
AX#87014,paying,2019-01-19,, $943.80 
AX#87066,paying,2019-03-01,, $332.53 
AX#87186,paying,2019-03-24,, $99.17 
AX#87300,paying,2019-03-24,, $283.50 
AX#87330,paying,2019-03-30,, $188.50 
AX#87345,cancelled,2018-05-13,2018-12-13, $306.73 
AX#87528,paying,2019-04-27,, $4.17 
AX#87676,cancelled,2018-10-20,2019-01-20, $205.47 
AX#87767,paying,2019-04-23,, $12.83 
AX#87870,paying,2019-03-20,, $115.70 
AX#87963,cancelled,2018-01-23,2019-01-01, $560.23 
AX#87965,paying,2019-04-24,, $3.87 
AX#87972,paying,2019-02-11,, $111.47 
AX#88016,cancelled,2018-06-06,2018-07-04, $42.00 
AX#88215,paying,2019-03-29,, $106.00 
AX#88231,paying,2018-07-10,," $1,129.07 "
AX#88292,paying,2018-11-04,," $1,073.33 "
AX#88354,paying,2019-01-08,, $832.33 
AX#88371,paying,2018-04-28,," $2,165.67 "
AX#88573,cancelled,2019-01-23,2019-03-19, $458.33 
AX#88630,paying,2019-04-25,, $21.20 
AX#88687,paying,2019-03-11,, $363.20 
AX#88727,paying,2019-03-25,, $224.40 
AX#88952,paying,2019-04-24,, $10.27 
AX#89037,paying,2018-09-16,, $462.93 
AX#89139,paying,2019-03-25,, $214.20 
AX#89206,paying,2019-04-10,, $96.60 
AX#89342,paying,2019-04-28,, $-   
AX#89509,paying,2019-04-23,, $9.83 
AX#89567,paying,2019-03-21,, $177.33 
AX#89732,paying,2018-12-09,, $373.33 
AX#89794,paying,2018-10-07,, $487.20 
AX#89807,paying,2018-09-21,, $642.40 
AX#89983,paying,2018-12-11,, $984.40 
AX#90116,paying,2018-11-08,," $1,425.00 "
AX#90183,paying,2019-03-25,, $209.67 
AX#90212,paying,2018-01-01,," $2,634.93 "
AX#90354,paying,2019-02-09,, $257.40 
AX#90375,paying,2019-04-27,, $2.47 
AX#90448,paying,2019-04-27,, $2.60 
AX#90542,paying,2019-04-24,, $7.47 
AX#90599,paying,2019-02-10,, $675.03 
AX#90602,paying,2018-12-22,, $668.87 
AX#90671,paying,2019-01-15,, $676.37 
AX#90699,paying,2018-04-09,," $1,920.00 "
AX#90752,paying,2018-03-28,, $844.80 
AX#90793,paying,2019-04-09,, $157.07 
AX#90801,paying,2018-11-08,," $1,117.20 "
AX#90848,paying,2019-02-03,, $89.60 
AX#90908,paying,2018-12-18,, $637.53 
AX#91076,paying,2018-12-19,, $910.00 
AX#91178,paying,2018-06-04,, $929.33 
AX#91209,paying,2019-03-24,, $292.83 
AX#91216,paying,2019-03-01,, $251.33 
AX#91297,paying,2019-03-08,, $365.50 
AX#91400,paying,2019-04-15,, $79.30 
AX#91469,paying,2018-10-05,, $259.67 
AX#91498,cancelled,2018-07-28,2018-11-30, $483.33 
AX#91564,paying,2019-04-08,, $128.67 
AX#91581,cancelled,2018-08-21,2019-02-10, $363.30 
AX#91651,paying,2019-03-10,, $369.13 
AX#91857,paying,2017-12-04,," $3,094.00 "
AX#92139,paying,2019-04-02,, $163.80 
AX#92180,paying,2018-06-09,," $2,519.40 "
AX#92206,paying,2018-07-01,, $391.30 
AX#92337,paying,2018-11-28,, $694.60 
AX#92484,cancelled,2018-03-14,2018-08-11, $215.00 
AX#92524,paying,2018-12-23,, $512.40 
AX#92856,paying,2018-12-09,, $322.00 
AX#92920,paying,2018-12-15,, $477.93 
AX#93087,paying,2019-01-29,, $160.20 
AX#93152,paying,2019-03-30,, $264.87 
AX#93195,paying,2019-04-02,, $145.60 
AX#93205,paying,2019-04-27,, $7.43 
AX#93207,paying,2018-12-19,, $979.33 
AX#93247,cancelled,2018-09-03,2019-02-05," $1,358.83 "
AX#93397,cancelled,2019-03-01,2019-03-18, $71.97 
AX#93494,paying,2019-02-27,, $214.00 
AX#93579,paying,2019-03-31,, $50.40 
AX#93584,paying,2019-01-24,, $482.53 
AX#93600,paying,2018-09-03,," $1,121.80 "
AX#93826,paying,2019-01-20,, $493.27 
AX#93836,paying,2018-02-13,," $3,497.37 "
AX#93960,paying,2019-04-27,, $6.07 
AX#93975,paying,2019-03-10,, $372.40 
AX#94242,paying,2018-12-22,," $1,240.37 "
AX#94520,paying,2018-09-20,," $1,738.00 "
AX#94592,paying,2018-12-09,," $1,017.33 "
AX#94818,paying,2018-11-03,," $1,179.20 "
AX#94880,paying,2019-03-18,, $58.77 
AX#94925,paying,2019-01-31,, $478.50 
AX#95030,paying,2019-03-09,, $90.00 
AX#95234,paying,2019-01-12,, $480.53 
AX#95344,paying,2019-03-02,, $112.10 
AX#95570,paying,2018-01-09,," $3,855.20 "
AX#95577,cancelled,2018-03-18,2018-04-04, $43.07 
AX#95611,paying,2018-12-13,," $1,169.60 "
AX#95727,paying,2019-04-05,, $156.40 
AX#95780,paying,2019-02-03,, $187.60 
AX#95865,paying,2019-04-13,, $21.50 
AX#95883,paying,2018-11-03,," $1,067.73 "
AX#95889,paying,2018-08-10,," $2,070.60 "
AX#96155,paying,2018-12-18,, $733.60 
AX#96172,paying,2019-04-23,, $19.17 
AX#96269,paying,2018-04-10,, $766.00 
AX#96310,paying,2018-10-15,, $786.50 
AX#96333,paying,2019-03-16,, $278.07 
AX#96348,paying,2019-04-06,, $121.00 
AX#96356,paying,2019-03-16,, $336.83 
AX#96370,paying,2018-07-27,, $293.33 
AX#96393,paying,2019-03-02,, $410.40 
AX#96582,paying,2018-11-17,, $858.60 
AX#96682,paying,2019-04-16,, $118.40 
AX#96688,paying,2019-01-23,, $668.17 
AX#96692,cancelled,2018-11-18,2018-11-19, $7.60 
AX#96744,paying,2019-04-05,, $209.30 
AX#96748,paying,2019-02-02,, $501.50 
AX#96921,paying,2018-10-27,," $1,171.20 "
AX#97065,paying,2019-04-23,, $24.33 
AX#97102,paying,2019-03-30,, $196.23 
AX#97308,paying,2019-03-17,, $72.80 
AX#97315,paying,2019-04-23,, $47.50 
AX#97320,paying,2019-04-12,, $30.40 
AX#97333,paying,2018-06-04,, $502.93 
AX#97354,paying,2018-05-29,," $3,228.67 "
AX#97380,paying,2018-11-30,, $630.77 
AX#97396,cancelled,2018-12-29,2019-02-25, $117.93 
AX#97503,cancelled,2018-04-08,2019-02-05, $828.20 
AX#97623,paying,2019-04-08,, $134.00 
AX#97747,paying,2019-03-28,, $37.20 
AX#97748,paying,2018-12-15,, $379.67 
AX#97752,paying,2018-11-18,, $966.00 
AX#97918,paying,2019-02-21,, $646.80 
AX#98004,paying,2019-04-02,, $58.07 
AX#98071,paying,2019-04-22,, $46.60 
AX#98218,paying,2019-02-09,, $239.20 
AX#98347,paying,2019-04-22,, $21.20 
AX#98385,cancelled,2018-11-08,2019-03-02, $269.80 
AX#98410,paying,2019-01-27,, $573.30 
AX#98461,paying,2019-03-01,, $406.00 
AX#98473,paying,2018-11-24,, $237.67 
AX#98529,paying,2018-10-08,, $653.13 
AX#98604,paying,2019-04-27,, $8.57 
AX#98628,paying,2019-03-26,, $148.50 
AX#98628,paying,2019-02-24,, $462.00 
AX#98642,paying,2019-04-13,, $140.00 
AX#98672,paying,2019-01-02,, $568.40 
AX#98865,paying,2019-01-28,, $243.00 
